{
	"info": {
		"_postman_id": "25cde853-619e-40f2-98fe-4e911f2036ca",
		"name": "OpenWeatherAPI",
		"schema": "https://schema.getpostman.com/json/collection/v2.1.0/collection.json",
		"_exporter_id": "31715036"
	},
	"item": [
		{
			"name": "getcitynamebyname",
			"event": [
				{
					"listen": "prerequest",
					"script": {
						"exec": [
							"pm.environment.set(\"City\",\"Hyderabad\");//Environment variable\r",
							"\r",
							"pm.globals.set(\"global_var2\",\"global-2\");//Global variable"
						],
						"type": "text/javascript"
					}
				}
			],
			"request": {
				"method": "GET",
				"header": [],
				"url": {
					"raw": "{{Base_URL}}?q={{City}}&APPID={{global_api_key}}&units=metric",
					"host": [
						"{{Base_URL}}"
					],
					"query": [
						{
							"key": "q",
							"value": "{{City}}"
						},
						{
							"key": "APPID",
							"value": "{{global_api_key}}"
						},
						{
							"key": "units",
							"value": "metric"
						}
					]
				}
			},
			"response": []
		},
		{
			"name": "getcitybyId",
			"request": {
				"method": "GET",
				"header": [],
				"url": {
					"raw": "{{Base_URL}}?id=1261481&appid={{global_api_key}}",
					"host": [
						"{{Base_URL}}"
					],
					"query": [
						{
							"key": "id",
							"value": "1261481"
						},
						{
							"key": "appid",
							"value": "{{global_api_key}}"
						}
					]
				}
			},
			"response": []
		},
		{
			"name": "getWeatherLatLon",
			"request": {
				"method": "GET",
				"header": [],
				"url": {
					"raw": "{{Base_URL}}?lat=28.61&lon=77.20&appid={{global_api_key}}",
					"host": [
						"{{Base_URL}}"
					],
					"query": [
						{
							"key": "lat",
							"value": "28.61"
						},
						{
							"key": "lon",
							"value": "77.20"
						},
						{
							"key": "appid",
							"value": "{{global_api_key}}"
						}
					]
				}
			},
			"response": []
		},
		{
			"name": "getbyLang",
			"request": {
				"method": "GET",
				"header": [],
				"url": {
					"raw": "{{Base_URL}}?id=524901&lang=fr&appid={{global_api_key}}",
					"host": [
						"{{Base_URL}}"
					],
					"query": [
						{
							"key": "id",
							"value": "524901"
						},
						{
							"key": "lang",
							"value": "fr"
						},
						{
							"key": "appid",
							"value": "{{global_api_key}}"
						}
					]
				}
			},
			"response": []
		}
	],
	"event": [
		{
			"listen": "prerequest",
			"script": {
				"type": "text/javascript",
				"exec": [
					""
				]
			}
		},
		{
			"listen": "test",
			"script": {
				"type": "text/javascript",
				"exec": [
					""
				]
			}
		}
	],
	"variable": [
		{
			"key": "apikey",
			"value": "",
			"type": "string"
		}
	]
}