{
	"id": "8ad64719-f48d-4ff1-a32a-81d19f31c5d6",
	"name": "QA_Environment",
	"values": [
		{
			"key": "Base_URL",
			"value": "",
			"type": "default",
			"enabled": true
		},
		{
			"key": "apikey_env",
			"value": "",
			"type": "default",
			"enabled": true
		},
		{
			"key": "BaseURLDemo",
			"value": "",
			"type": "default",
			"enabled": true
		},
		{
			"key": "city",
			"value": "",
			"type": "any",
			"enabled": true
		},
		{
			"key": "City",
			"value": "",
			"type": "any",
			"enabled": true
		},
		{
			"key": "global_var1",
			"value": "",
			"type": "any",
			"enabled": true
		}
	],
	"_postman_variable_scope": "environment",
	"_postman_exported_at": "2023-12-14T11:15:02.240Z",
	"_postman_exported_using": "Postman/10.21.2"
}